Workbook
Name JR_PAGE_ANCHOR_0_1: 'Daftar Barang dan Jasa'!$A$1

Sheet Tabung
A1: 45176
A2: NO | B2: KODE BARANG | C2: NAMA BARANG | D2: HARGA TERENDAH EXCLUDE PPN | F2: HARGA TERENDAH INCLUDE PPN
C4: TABUNG | D4: TANGGERANG | E4: SURABAYA | F4: TANGGERANG | G4: SURABAYA
A5: 1 | B5: TD-00-YD-000-002-PTH | C5: Dewar 2L (Cryogenic Container) | D5: =F5/1.11 -> 2297297.3 | E5: =G5/1.11 -> 2387387.4 | F5: 2550000 | G5: 2650000 | H5: 2550000 | I5: 2650000
A6: 2 | B6: TD-00-YD-000-003-PTH | C6: Dewar 3L (Cryogenic Container) | D6: =F6/1.11 -> 2342342.3 | E6: =G6/1.11 -> 2432432.4 | F6: 2600000 | G6: 2700000 | H6: 2600000 | I6: 2700000
A7: 3 | B7: TD-00-YD-000-006-PTH | C7: Dewar 6L (Cryogenic Container) | D7: =F7/1.11 -> 2342342.3 | E7: =G7/1.11 -> 2432432.4 | F7: 2600000 | G7: 2700000
A8: 4 | B8: TD-00-YD-000-010-PTH | C8: Dewar 10L (Cryogenic Container) | D8: =F8/1.11 -> 2432432.4 | E8: =G8/1.11 -> 2522522.5 | F8: 2700000 | G8: 2800000
A9: 5 | B9: TD-00-YD-000-020-PTH | C9: Dewar 20L (Cryogenic Container) | D9: =F9/1.11 -> 4054054.1 | E9: =G9/1.11 -> 4189189.2 | F9: 4500000 | G9: 4650000 | H9: 4500000 | I9: 4650000
A10: 6 | B10: TD-00-YD-000-030-PTH | C10: Dewar 30L (Cryogenic Container) | D10: =F10/1.11 -> 4684684.7 | E10: =G10/1.11 -> 4819819.8 | F10: 5200000 | G10: 5350000 | H10: 5200000 | I10: 5350000
A11: 7 | B11: TD-00-YD-000-035-PTH | C11: Dewar 35L (Cryogenic Container) | D11: =F11/1.11 -> 5225225.2 | E11: =G11/1.11 -> 5360360.4 | F11: 5800000 | G11: 5950000 | H11: 5800000 | I11: 5950000
A12: 8 | B12: TD-00-YD-000-050-PTH | C12: Dewar 50L (Cryogenic Container) | D12: =F12/1.11 -> 8648648.6 | E12: =G12/1.11 -> 8738738.7 | F12: 9600000 | G12: 9700000 | H12: 10000000 | I12: 10250000
A13: 9 | B13: AK-00-00-NCN-000-000 | C13: Nasal Canula | D13: =F13/1.11 -> 18018.018 | E13: =G13/1.11 -> 18018.018 | F13: 20000 | G13: 20000
A14: 10 | B14: AS-00-00-VPO-004-000 | C14: Optional Vaporizer Gas Outlet 4 pcs | D14: =F14/1.11 -> 1981982 | E14: =G14/1.11 -> 1981982 | F14: 2200000 | G14: 2200000
A15: 11 | B15: AS-00-00-VPI-003-000 | C15: Optional Vaporizer Liquid Inlet 3 pcs | D15: =F15/1.11 -> 2972973 | E15: =G15/1.11 -> 2972973 | F15: 3300000 | G15: 3300000
A16: 12 | B16: TB-00-PA-2GS-003-PTH | C16: Tabung 0,3 m3 PUREAIR QF-2G1 SV (kosong/isi O2) | D16: =F16/1.11 -> 265765.77 | E16: =G16/1.11 -> 265765.77 | F16: 295000 | G16: 295000 | H16: 295000 | I16: 295000
B17: TR-01-TB-2GS-O20-000/TR-03-TB-2GS-O20-000 | C17: Tabung Gas Baru Vol.0,3 M3 PA Putih QF -2G1 SV O2 GP | D17: =F17/1.11 -> 265765.77 | E17: =G17/1.11 -> 265765.77 | F17: 295000 | G17: 295000
A18: 13 | B18: TB-00-PA-2GS-005-PTH | C18: Tabung 0,5 m3 PUREAIR QF-2G1 SV (kosong/isi O2) | D18: =F18/1.11 -> 265765.77 | E18: =G18/1.11 -> 265765.77 | F18: 295000 | G18: 295000
B19: TR-01-TB-2GS-005-O20 | C19: Tabung 0,5 m3 QF-2G1 (kosong/isi O2) | D19: =F19/1.11 -> 265765.77 | E19: =G19/1.11 -> 265765.77 | F19: 295000 | G19: 295000
A20: 14 | B20: TR-01-TB-2G1-005-O20 | C20: Tabung Gas Baru Vol.0,5 M3 PA PutIh QF 2G1 O2 GP | D20: =F20/1.11 -> 265765.77 | E20: =G20/1.11 -> 265765.77 | F20: 295000 | G20: 295000
A21: 15 | B21: TR-01-TB-2G1-010-O20 | C21: Tabung 1 m3 PUREAIR QF-2G1 (kosong/isi O2) | D21: =F21/1.11 -> 265765.77 | E21: =G21/1.11 -> 265765.77 | F21: 295000 | G21: 295000
A22: 16 | B22: TB-00-PA-2GS-010-PTH | C22: Tabung 1 m3 PUREAIR QF-2G1 SV (kosong/isi O2) | D22: =F22/1.11 -> 265765.77 | E22: =G22/1.11 -> 265765.77 | F22: 295000 | G22: 295000
B23: TR-01-TB-2GS-010-O20/TR-03-TB-2GS-010-O20 | C23: Tabung Gas Baru Vol.1 M3 PA Putih QF-2G1 SV O2 GP | D23: =F23/1.11 -> 265765.77 | E23: =G23/1.11 -> 265765.77 | F23: 295000 | G23: 295000
A24: 17 | B24: TB-00-PA-2GS-015-PTH | C24: Tabung 1,5 m3 PUREAIR QF-2G1 SV (kosong/isi O2) | D24: =F24/1.11 -> 450450.45 | E24: =G24/1.11 -> 450450.45 | F24: 500000 | G24: 500000
B25: TR-01-TB-2GS-015-O20 | C25: Tabung Gas Baru Vol.1,5 M3 PA Putih QF-2G1 SV O2 GP | D25: =F25/1.11 -> 450450.45 | E25: =G25/1.11 -> 450450.45 | F25: 500000 | G25: 500000
A26: 18 | B26: TR-00-TB-2G1-15P-KS0 | C26: Tabung 1,5 m3 QF-2G1 (kosong/isi O2) | D26: =F26/1.11 -> 450450.45 | E26: =G26/1.11 -> 450450.45 | F26: 500000 | G26: 500000 | H26: Produk Samator
A27: 19 | B27: TB-00-UC-000-100-PTH | C27: Tabung 10 m3 (50L-200Bar) tanpa kran | D27: =F27/1.11 -> 1981982 | E27: =G27/1.11 -> 1981982 | F27: 2200000 | G27: 2200000
A28: 20 | B28: TB-00-UC-681-100-BRU | C28: Tabung 10 m3 (68L-150Bar) tanpa kran | D28: =F28/1.11 -> 2477477.5 | E28: =G28/1.11 -> 2477477.5 | F28: 2750000 | G28: 2750000
A29: 21 | B29: TR-00-TB-F6B-100-KS0 | C29: Tabung 10 m3 (50L-200Bar) kran QF-6B | D29: =F29/1.11 -> 2027027 | E29: =G29/1.11 -> 2027027 | F29: 2250000 | G29: 2250000
A30: 22 | B30: TR-00-TB-FT1-UC5-000 | C30: Tabung 10 m3 (50L-200Bar) kran QF-T1 | D30: =F30/1.11 -> 2072072.1 | E30: =G30/1.11 -> 2072072.1 | F30: 2300000 | G30: 2300000
A31: 23 | B31: TB-00-PA-2GS-020-PTH | C31: Tabung 2 m3 PUREAIR QF-2G1 SV (kosong/isi O2) | D31: =F31/1.11 -> 495495.5 | E31: =G31/1.11 -> 495495.5 | F31: 550000 | G31: 550000
B32: TR-01-TB-2GS-PP2-O20/TR-03-TB-2GS-PP2-O20 | C32: Tabung Gas Baru Vol.2 M3 PA Putih QF-2G1 SV O2 GP | D32: =F32/1.11 -> 495495.5 | E32: =G32/1.11 -> 495495.5 | F32: 550000 | G32: 550000
A33: 24 | B33: TB-00-PA-2GS-030-PTH | C33: Tabung 3 m3 pendek PUREAIR QF-2G1 SV (kosong/isi O2) | D33: =F33/1.11 -> 1081081.1 | E33: =G33/1.11 -> 1081081.1 | F33: 1200000 | G33: 1200000
B34: TR-01-TB-2GS-000-O20/TR-03-TB-2GS-000-O20 | C34: Tabung Gas Baru Vol.3 M3 - Putih QF-2G1 SV O2 GP | D34: =F34/1.11 -> 1081081.1 | E34: =G34/1.11 -> 1081081.1 | F34: 1200000 | G34: 1200000
A35: 25 | B35: TB-00-JP-2G1-060-BRU | C35: Tabung 6 m3 JP QF-2G1 kosong | D35: =F35/1.11 -> 900900.9 | E35: =G35/1.11 -> 923423.42 | F35: 1000000 | G35: 1025000
A36: 26 | B36: TR-00-TB-2G1-60B-KS0 | C36: Tabung 6 m3 PURE AIR QF-2G1 kosong | D36: =F36/1.11 -> 810810.81 | E36: =G36/1.11 -> 810810.81 | F36: 900000 | G36: 900000 | H36: 1000000 | I36: 1000000
A37: 27 | B37: TR-00-TB-2GS-60B-KS0 | C37: Tabung 6 m3 PURE AIR QF-2G1 SV kosong | D37: =F37/1.11 -> 810810.81 | E37: =G37/1.11 -> 810810.81 | F37: 900000 | G37: 900000
A38: 28 | B38: TB-00-YA-2G1-060-BRU | C38: Tabung 6 m3 YA QF-2G1 kosong | D38: =F38/1.11 -> 1261261.3 | E38: =G38/1.11 -> 1261261.3 | F38: 1400000 | G38: 1400000
A39: 29 | B39: TB-00-YA-2G1-060-BRU | C39: Tabung Gas Baru Vol.6 M3 UC - Putih QF-2G1 Tanpa Tutup KS | D39: =F39/1.11 -> 0 | E39: =G39/1.11 -> 0
B40: TB-00-YA-2G1-060-PTH | C40: Tabung Gas Baru Vol.6 M3 YA Putih QF-2G1 | D40: =F40/1.11 -> 0 | E40: =G40/1.11 -> 0
A41: 30 | B41: TB-00-JP-2G1-070-BRU | C41: Tabung 7 m3 PURE AIR QF-2G1 kosong (Indent 1,5 Bulan) | D41: =F41/1.11 -> 1126126.1 | E41: =G41/1.11 -> 1126126.1 | F41: 1250000 | G41: 1250000
A42: 31 | B42: TR-00-TA-000-ACT-000 | C42: Tabung Acetyline UC C2H2 40 L PF5-1 kosong | D42: =F42/1.11 -> 990990.99 | E42: =G42/1.11 -> 990990.99 | F42: 1100000 | G42: 1100000
A43: 32 | B43: TO-00-PA-2A6-020-ABU | C43: Tabung CO2 1Kg (kosong/kran QF-2A6) 2L | D43: =F43/1.11 -> 297297.3 | E43: =G43/1.11 -> 297297.3 | F43: 330000 | G43: 330000
A44: 33 | B44: TO-00-PA-2AS-020-ABU | C44: Tabung CO2 2Kg (kosong/kran QF-2A6) 3,4L | D44: =F44/1.11 -> 297297.3 | E44: =G44/1.11 -> 297297.3 | F44: 330000 | G44: 330000
A45: 34 | B45: TO-00-PA-2A6-070-ABU | C45: Tabung CO2 4Kg (kosong/kran QF-2A6) 7L | D45: =F45/1.11 -> 315315.32 | E45: =G45/1.11 -> 315315.32 | F45: 350000 | G45: 350000
A46: 35 | B46: TO-00-PA-2A6-70T-ABU | C46: Tabung CO2 4Kg (kosong/kran QF-2A6) Tutup Besi Standard | D46: =F46/1.11 -> 337837.84 | E46: =G46/1.11 -> 337837.84 | F46: 375000 | G46: 375000
A47: 36 | B47: TR-00-TO-000-000-000 | C47: Tabung Gas Baru SF6 Plus Isi 50 Kg | D47: =F47/1.11 -> 0 | E47: =G47/1.11 -> 0
A48: 37 | B48: TR-01-TB-2G1-O20-UHI | C48: Tabung Gas Baru Vol.6 m3 - Biru QF-2G1 O2 UHP (impor) | D48: =F48/1.11 -> 4954955 | E48: =G48/1.11 -> 4954955 | F48: 5500000 | G48: 5500000
A49: 38 | B49: TH-00-UC-500-025-PCL | C49: Tabung HGL 500L-25Bar (Cryogenic Cylinder)w/cradle | D49: =F49/1.11 -> 49549550 | E49: =G49/1.11 -> 50450450 | F49: 55000000 | G49: 56000000
A50: 39 | B50: TV-00-UC-175-023-PTH | C50: Tabung VGL 175L-23Bar (Cryogenic Cylinder) | D50: =F50/1.11 -> 13063063 | E50: =G50/1.11 -> 13243243 | F50: 14500000 | G50: 14700000
A51: 40 | B51: TV-00-UC-175-035-PTH | C51: Tabung VGL 175L-35Bar (Cryogenic Cylinder) | D51: =F51/1.11 -> 16666667 | E51: =G51/1.11 -> 16846847 | F51: 18500000 | G51: 18700000
A52: 41 | C52: Tabung Cryogenic Cylinder VGL Vol.175L - 23Bar Putih Liquid Level digital | D52: =F52/1.11 -> 14414414 | F52: 16000000 | G52: 16200000
A53: 42 | B53: TV-00-UC-210-023-PTH | C53: Tabung VGL 210L-23Bar (Cryogenic Cylinder) | D53: =F53/1.11 -> 15765766 | E53: =G53/1.11 -> 15945946 | F53: 17500000 | G53: 17700000
A54: 43 | B54: TV-00-UC-360-020-PTH | C54: Tabung VGL 360L-20Bar (Cryogenic Cylinder)w/cradle | D54: =F54/1.11 -> 28828829 | E54: =G54/1.11 -> 29279279 | F54: 32000000 | G54: 32500000
A55: 44 | B55: TV-00-UC-500-024-PTH | C55: Tabung VGL 500L-23Bar (Cryogenic Cylinder)w/cradle | D55: =F55/1.11 -> 49549550 | E55: =G55/1.11 -> 50450450 | F55: 55000000 | G55: 56000000
A56: 45 | B56: TV-00-UC-080-023-PTH | C56: Tabung VGL 80L-23Bar (Cryogenic Cylinder) | D56: =F56/1.11 -> #VALUE! | E56: =G56/1.11 -> 17567568 | G56: 19500000
A57: 46 | B57: AS-00-UN-AVP-100-035 | C57: Vaporizer 100M3-35Bar | D57: =F57/1.11 -> 15765766 | E57: =G57/1.11 -> 16441441 | F57: 17500000 | G57: 18250000
A58: 47 | B58: AS-00-UN-AVP-200-035 | C58: Vaporizer 200M3-35Bar | D58: =F58/1.11 -> 31531532 | E58: =G58/1.11 -> 32432432 | F58: 35000000 | G58: 36000000
A59: 48 | B59: AS-00-UN-AVP-030-035 | C59: Vaporizer 30M3-35Bar | D59: =F59/1.11 -> 5855855.9 | E59: =G59/1.11 -> 6306306.3 | F59: 6500000 | G59: 7000000
A60: 49 | B60: AS-00-UN-AVP-050-035 | C60: Vaporizer 50M3-35Bar | D60: =F60/1.11 -> 8738738.7 | E60: =G60/1.11 -> 9189189.2 | F60: 9700000 | G60: 10200000
A61: 50 | B61: AS-00-UN-AVP-400-165 | C61: Vaporizer 200M3-165Bar | D61: =F61/1.11 -> 68468468 | E61: =G61/1.11 -> 68468468 | F61: 76000000 | G61: 76000000
A62: 51 | B62: AS-00-UN-AVP-400-165 | C62: Vaporizer 400M3-165Bar | D62: =F62/1.11 -> 82882883 | E62: =G62/1.11 -> 82882883 | F62: 92000000 | G62: 92000000
A63: 52 | B63: AS-00-UN-AVP-450-165 | C63: Vaporizer 450M3-165Bar | D63: =F63/1.11 -> 90990991 | E63: =G63/1.11 -> 90990991 | F63: 101000000 | G63: 101000000
A64: 53 | B64: AS-00-UN-AVP-500-165 | C64: Vaporizer 500M3-165Bar | D64: =F64/1.11 -> 1.036036e+08 | E64: =G64/1.11 -> 1.036036e+08 | F64: 115000000 | G64: 115000000
A65: 54 | B65: AS-00-UN-AVP-100-036 | C65: Vaporizer 1000M3-35Bar | D65: =F65/1.11 -> 140000000 | E65: =G65/1.11 -> 140000000 | F65: 155400000 | G65: 155400000
A66: 55 | B66: AS-00-UN-AVP-1000-35C | C66: Vaporizer 1000M3-35Bar lengkap cradle | D66: =F66/1.11 -> 1.75e+08 | E66: =G66/1.11 -> 1.75e+08 | F66: 194250000 | G66: 194250000
A67: 56 | B67: ST-00-UC-030-016-000 | C67: Storage Tanki 3M3-16Bar | D67: =F67/1.11 -> 2.9279279e+08 | E67: =G67/1.11 -> 2.9279279e+08 | F67: 325000000 | G67: 325000000
A68: 57 | B68: ST-00-UC-050-016-000 | C68: Storage Tanki 5M3-16Bar | D68: =F68/1.11 -> 2.9279279e+08 | E68: =G68/1.11 -> 2.9279279e+08 | F68: 325000000 | G68: 325000000
... A71: 60 | B71: ST-00-UC-200-016-000 | C71: Storage Tanki 20M3-16Bar | D71: =F71/1.11 -> 5.1801802e+08 | E71: =G71/1.11 -> 5.1801802e+08 | F71: 575000000 | G71: 575000000
A72: 61 | C72: Storage Tank LCO2 10M3 (Inner carbon steel) | D72: =F72/1.11 -> 3.5135135e+08 | F72: 390000000 | G72: 390000000
A73: 62 | C73: Storage Tank LCO2 10M3 (Inner stainless steel) | D73: =F73/1.11 -> 4.7297297e+08 | F73: 525000000 | G73: 525000000
A74: 63 | B74: ST-00-UC-200-000-LCO | C74: Storage Tank LCO2 20M3 | D74: =F74/1.11 -> 4.954955e+08 | E74: =G74/1.11 -> 4.954955e+08 | F74: 550000000 | G74: 550000000
A75: 64 | B75: ST-00-UC-100-016-TT0 | C75: Transport Tanki 10M3-16Bar | D75: =F75/1.11 -> 7e+08 | E75: =G75/1.11 -> 7e+08 | F75: 777000000 | G75: 777000000
A76: 65 | B76: ST-00-UC-040-016-MBT | C76: Micro Bulk Tank 3M3 - 16Bar | D76: =F76/1.11 -> 1.3513514e+08 | E76: =G76/1.11 -> 1.3513514e+08 | F76: 150000000 | G76: 150000000 | H76: 330000000 | I76: 330000000
A77: 66 | B77: ST-00-UC-040-016-MBT | C77: Micro Bulk Tank 4M3 - 16Bar | D77: =F77/1.11 -> 2.7477477e+08 | E77: =G77/1.11 -> 2.7927928e+08 | F77: 305000000 | G77: 310000000
A78: 67 | B78: ST-00-UC-040-016-MBT | C78: Micro Bulk Tank 5M3 - 16Bar | D78: =F78/1.11 -> 3.6036036e+08 | E78: =G78/1.11 -> 3.6036036e+08 | F78: 400000000 | G78: 400000000
A79: 68 | C79: ISO Tank 20M3 - 16Bar | D79: =F79/1.11 -> 9.2342342e+08 | E79: =G79/1.11 -> 9.2342342e+08 | F79: 1025000000 | G79: 1025000000
A80: 69 | B80: ST-00-UC-040-016-MBT | C80: ISO Tank 20M3 - 22Bar w/pump | D80: =F80/1.11 -> 1.1036036e+09 | E80: =G80/1.11 -> 1.1036036e+09 | F80: 1225000000 | G80: 1225000000

Sheet Gas
A1: 45176
A2: NO | B2: KODE BARANG | C2: NAMA BARANG | D2: HARGA TERENDAH INCLUDE PPN
A4: GAS | D4: TANGGERANG | E4: SURABAYA
A5: 1 | B5: GS-00-00-ACT-001-000 | C5: Acetone 1 Kg | D5: 40000 | E5: 37500
A6: 2 | B6: GS-05-MR-ACY-2KG-WG0 | C6: Gas Acetylene WG (2 kg) | D6: 225000 | E6: 370000
A7: 3 | B7: GS-00-00-ACY-002-WG0 | C7: Gas Acetylene WG (3 kg) | D7: 340000 | E7: 370000
A8: 4 | B8: #N/A | C8: Gas Acetylene WG (4 kg) | D8: 450000 | E8: 0
A9: 5 | B9: #N/A | C9: Gas Acetylene WG (5 kg) | D9: 565000 | E9: 0
A10: 6 | B10: #N/A | C10: Gas Acetylene WG (6 kg) | D10: 675000 | E10: 0
A11: 7 | B11: GS-00-00-ACY-020-HP0 | C11: Gas Acetylene HP 2 kg | D11: 550000 | E11: 550000
A12: 8 | B12: GS-00-00-ACY-030-HP0 | C12: Gas Acetylene HP 3 Kg | D12: 775000 | E12: 775000
A13: 9 | B13: GS-00-00-ACY-040-HP0 | C13: Gas Acetylene HP 4 Kg | D13: 1000000 | E13: 1000000
A14: 10 | B14: GS-00-00-ACY-020-UHP | C14: Gas Acetylene UHP 2 kg | D14: 600000 | E14: 600000
A15: 11 | B15: GS-00-00-ACY-030-UHP | C15: Gas Acetylene UHP 3 Kg | D15: 850000 | E15: 850000
A16: 12 | B16: #N/A | C16: Gas Acetylene UHP 4 Kg | D16: 1100000 | E16: 1100000
A17: 13 | B17: GS-00-00-ACY-060-UHP | C17: Gas Acetylene UHP 6 Kg | D17: 1600000 | E17: 1600000
A18: 14 | B18: GS-00-00-ACY-040-WG0 | C18: Gas Acetylene WG (2 kg) + Acetone 4Kg | D18: 385000 | E18: 520000
A19: 15 | B19: GS-00-00-ACY-020-WG0 | C19: Gas Acetylene WG (2 kg)+ Aceton 5 Kg | D19: 425000 | E19: 557500
A20: 16 | B20: GS-00-00-ACY-030-WG0 | C20: Gas Acetylene WG (3 kg) + Aceton 6 Kg | D20: 580000 | E20: 595000
A21: 17 | B21: GS-00-00-AR0-003-WG0 | C21: Gas Argon 0,3 m3 WG | D21: 65000 | E21: 65000
A22: 18 | B22: GS-00-00-AR0-003-HP0 | C22: Gas Argon 0,3 m3 HP | D22: 165000 | E22: 165000
A23: 19 | B23: GS-00-00-AR0-003-UHP | C23: Gas Argon 0,3 m3 UHP | D23: 515000 | E23: 515000
A24: 20 | B24: GS-00-00-AR0-005-WG0 | C24: Gas Argon 0,5 m3 WG | D24: 65000 | E24: 75000
A25: 21 | B25: GS-00-00-AR0-005-HP0 | C25: Gas Argon 0,5 m3 HP | D25: 65000 | E25: 65000
A26: 22 | B26: GS-00-00-AR0-005-UHP | C26: Gas Argon 0,5 m3 UHP | D26: 515000 | E26: 500000
A27: 23 | B27: GS-00-00-AR0-010-WG0 | C27: Gas Argon 1 m3 WG | D27: 65000 | E27: 90000
A28: 24 | B28: GS-00-00-AR0-010-HP0 | C28: Gas Argon 1 m3 HP | D28: 165000 | E28: 150000
... A34: 30 | B34: GS-00-00-AR0-020-HP0 | C34: Gas Argon 2 m3 HP | D34: 165000 | E34: 165000
A35: 31 | B35: GS-00-00-AR0-020-UHP | C35: Gas Argon 2 m3 UHP | D35: 515000 | E35: 500000 | F35: 975000
A36: 32 | B36: GS-00-00-AR0-030-WG0 | C36: Gas Argon 3 m3 WG | D36: 140000 | E36: 150000 | F36: 975000
A37: 33 | B37: GS-00-00-AR0-060-WG0 | C37: Gas Argon 6 m3 WG | D37: 140000 | E37: 170000
A38: 34 | B38: GS-00-00-AR0-070-WG0 | C38: Gas Argon 7 m3 WG | D38: 165000 | E38: 195000
A39: 35 | B39: #N/A | C39: Gas Argon 6 m3 dan 7 m3 HP | D39: 245000 | E39: 245000
A40: 36 | B40: #N/A | C40: Gas Argon 6 m3 UHP | D40: 410000 | E40: 410000
A41: 36 | B41: #N/A | C41: Gas Argon 7 m3 UHP | D41: 470000 | E41: 470000
A42: 36 | B42: #N/A | C42: Gas Argon 8 m3 UHP | D42: 530000
A43: 37 | B43: #N/A | C43: Gas Argon 10 m3 - 200 Bar HP | D43: 850000
A44: 38 | B44: #N/A | C44: Gas Argon 10 m3 UHP (50L-200Bar) | D44: 1650000
A45: 39 | B45: GS-00-00-CO2-009-000 | C45: Gas Carbondioxide 9 kg | D45: 100000 | E45: 100000
A46: 40 | B46: GS-00-00-CO2-030-000 | C46: Gas Carbondioxide 30 Kg | D46: 270000 | E46: 165000
A47: 41 | B47: GS-00-00-CO2-040-000 | C47: Gas Carbondioxide 40 Kg | D47: 360000 | E47: 360000
A48: 42 | B48: GS-00-00-CO2-045-000 | C48: Gas Carbondioxide 45 Kg | D48: 405000 | E48: 405000
A49: 43 | B49: GS-02-FG-CO2-010-005 | C49: Gas Carbondioxide CO2 (5 Kg) Food Grade | D49: 50000 | E49: 60000
A50: 44 | B50: GS-00-FG-CO2-003-001 | C50: Gas Carbondioxide CO2 0,3 m3 (1Kg) Food Grade | D50: 40000 | E50: 40000
A51: 45 | C51: Gas Carbondioxide CO2 0,3 m3 (1Kg) Industri Grade | D51: 30000 | E51: tidak tersedia
A52: 46 | C52: Gas Carbondioxide CO2 0,5 m3 (2Kg) Industri Grade | D52: 30000
A53: 47 | B53: GS-00-FG-CO2-005-002 | C53: Gas Carbondioxide CO2 0,5m3 (2Kg) Food Grade | D53: 50000 | E53: 50000
A54: 48 | B54: GS-00-FG-CO2-005-003 | C54: Gas Carbondioxide CO2 0,5m3 (3Kg) Food Grade | D54: 60000 | E54: 60000
A55: 49 | B55: GS-00-FG-CO2-010-004 | C55: Gas Carbondioxide CO2 1 m3 (4Kg) Food Grade | D55: 60000 | E55: 60000
A56: 50 | C56: Gas Carbondioxide CO2 1 m3 (4Kg) Industri Grade
A57: 51 | C57: Gas Carbondioxide CO2 1,5m3 (5Kg) Industri Grade
A58: 52 | B58: GS-00-FG-CO2-015-006 | C58: Gas Carbondioxide CO2 1,5m3 (6Kg) Food Grade | D58: 80000 | E58: 80000
A59: 53 | C59: Gas Carbondioxide CO2 1,5m3 (6Kg) Industri Grade
A60: 54 | C60: Gas Carbondioxide CO2 10 m3 (40Kg) Industri Grade
A61: 55 | C61: Gas Carbondioxide CO2 10 m3 (45Kg) Industri Grade
A62: 56 | B62: GS-00-FG-CO2-020-008 | C62: Gas Carbondioxide CO2 2 m3 (8Kg) Food Grade | D62: 100000 | E62: 100000
A63: 57 | C63: Gas Carbondioxide CO2 2 m3 (8Kg) Industri Grade | F63: 115000000 | G63: 115000000
A64: 58 | B64: GS-00-FG-CO2-030-012 | C64: Gas Carbondioxide CO2 3 m3 (12Kg) Food Grade | D64: 145000 | E64: 110000
A65: 59 | B65: GS-01-00-CO2-030-000 | C65: Gas Carbondioxide CO2 30 Kg Food Grade | D65: 225000 | E65: 195000
A66: 60 | B66: GS-00-FG-CO2-060-015 | C66: Gas Carbondioxide CO2 6 m3 (15Kg) Food Grade | D66: 101250 | E66: 120000
A67: 61 | C67: Gas Carbondioxide CO2 6 m3 (15Kg) Industri Grade | D67: 90000
A68: 62 | C68: Gas Carbondioxide CO2 6 m3 (15Kg) Industri Grade | D68: 105000
A69: 63 | B69: GS-02-FG-CO2-060-025 | C69: Gas Carbondioxide CO2 6 m3/7 m3 (25Kg) Food Grade | D69: 168750 | E69: 162500
A70: 64 | C70: Gas Carbondioxide CO2 6 m3/7 m3 (25Kg) Industri Grade | D70: 150000
A71: 65 | C71: Gas Carbondioxide CO2 6 m3/7 m3 (25Kg) Industri Grade | D71: 175000
A72: 66 | B72: GS-02-FG-CO2-070-020 | C72: Gas Carbondioxide CO2 6 m3/7 m3(20Kg) Food Grade | D72: 135000 | E72: 140000
A73: 67 | B73: GS-00-FG-CO2-060-045 | C73: Gas Carbondioxide CO2 6m3 (45Kg) Food Grade | D73: 303750 | E73: 292500
A74: 68 | B74: GS-00-00-CO2-006-000 | C74: Gas Carbonmonoxide 6 M3
A75: 69 | B75: GS-00-00-CO2-006-000 | C75: Gas CNG 10 m3 | D75: 150000
A76: 70 | B76: GS-00-00-HE0-005-UHP | C76: Gas Helium 0,3 M3 UHP | D76: 0 | E76: 0
A77: 71 | B77: GS-00-00-HE0-010-UHP | C77: Gas Helium 0,5 M3 UHP | D77: 0 | E77: 0
A78: 72 | B78: GS-00-00-HE0-003-WG0 | C78: Gas Helium 1 M3 WG | D78: 0 | E78: 0
A79: 73 | B79: GS-00-00-HE0-020-UHP | C79: Gas Helium 1,5 M3 UHP | D79: 0 | E79: 0
A80: 74 | B80: GS-00-00-HE0-015-UHP | C80: Gas Helium 1 M3 UHP | D80: 0 | E80: 0
A81: 75 | B81: GS-00-00-HE0-030-UHP | C81: Gas Helium 2 M3 UHP | D81: 0 | E81: 0
A82: 76 | B82: GS-00-00-HE0-060-UHP | C82: Gas Helium 6 M3 UHP | D82: 6000000 | E82: 0
A83: 77 | B83: GS-00-00-HE0-070-UHP | C83: Gas Helium 7 M3 UHP | D83: 0 | E83: 0
A84: 78 | B84: GS-00-00-HE0-100-UHP | C84: Gas Helium 10 M3 UHP | D84: 0 | E84: 0
A85: 79 | B85: #N/A | C85: Gas Hidrogen 0,3M3, 1M3 WG | D85: 99000 | E85: 125000
A86: 80 | B86: GS-02-00-H20-003-WG0 | C86: Gas Hidrogen 0,3M3, UHP | D86: 500000 | E86: 500000
A87: 81 | B87: GS-02-00-H21-001-WG0 | C87: Gas Hidrogen 0,5M3 HP
A88: 82 | B88: GS-00-00-H20-003-UHP | C88: Gas Hidrogen 0,5M3, UHP | D88: 500000 | E88: 500000
A89: 83 | B89: GS-00-00-H20-005-HP0 | C89: Gas Hidrogen 1,5M3 WG | D89: 99000 | E89: 125000
A90: 84 | B90: GS-00-00-H20-005-UHP | C90: Gas Hidrogen 1,5 M3 HP
A91: 85 | B91: GS-00-00-H20-015-WG0 | C91: Gas Hidrogen 10M3 WG (68L - 150Bar)
A92: 86 | B92: GS-00-00-H20-015-HP0 | C92: Gas Hidrogen 10M3 UHP (50L - 200Bar) | D92: 1650000
A93: 87 | B93: GS-00-00-H20-010-WG0 | C93: Gas Hidrogen 10M3 UHP (68L - 150Bar)
A94: 88 | B94: GS-00-00-H20-050-UHP | C94: Gas Hidrogen 1M3 WG | D94: 160000 | E94: 110000
A95: 89 | B95: GS-00-00-H20-068-UHP | C95: Gas Hidrogen 1M3 HP
A96: 90 | B96: GS-00-00-H21-001-WG0 | C96: Gas Hidrogen 1M3, UHP | D96: 500000 | E96: 500000
A97: 91 | B97: GS-00-00-H20-010-HP0 | C97: Gas Hidrogen 2M3 WG | D97: 125000 | E97: 150000
A98: 92 | B98: GS-00-00-H20-010-UHP | C98: Gas Hidrogen 2 M3 HP
A99: 93 | B99: GS-00-00-H20-020-WG0 | C99: Gas Hidrogen 2M3, UHP | D99: 500000 | E99: 500000
A100: 94 | C100: Gas Hidrogen 6M3 WG refill | D100: 175000 | E100: 220000
A101: 95 | C101: Gas Hidrogen 6M3 HP refill | D101: 475000 | E101: 360000
A102: 96 | C102: Gas Hidrogen 6M3 UHP | D102: 650000 | E102: 650000
A103: 97 | C103: Gas Hidrogen 7M3 WG refill | D103: 200000 | E103: 225000
A104: 98 | C104: Gas Hidrogen 7M3 HP refill | D104: 375000 | E104: 375000
A105: 99 | C105: Gas Hidrogen 7M3 UHP
A106: 100 | C106: Gas Nitrogen 0,3m3, 0,5m3, 1 m3, 1,5 m3, 2 m3, 3 m3 WG | D106: 30000 | E106: 30000
...

Sheet Liquid
A1: 45176
A2: NO | B2: KODE BARANG | C2: NAMA BARANG | D2: HARGA TERENDAH EXCLUDE PPN | F2: HARGA TERENDAH INCLUDE PPN
C4: LIQUID | D4: TANGGERANG | E4: SURABAYA | F4: TANGGERANG | G4: SURABAYA | I4: Liquid Argon 175L VGL
A5: 1 | B5: LQ-00-LA-175-VGL-000 | C5: Liquid Argon 175L VGL | D5: =F5/1.11 -> 3468468.5 | E5: =G5/1.11 -> 3468468.5 | F5: 3850000 | G5: 3850000 | I5: Liquid Carbondioxide Food Grade 210L
A6: 2 | B6: LQ-00-LC-175-000-000 | C6: Liquid Carbondioxide 175L | D6: =F6/1.11 -> 0 | E6: =G6/1.11 -> 1081081.1 | G6: 1200000 | I6: Liquid Level VGL 175 L m 18x2 LIN
A7: 3 | B7: LQ-00-LC-210-VGL-200 | C7: Liquid Carbondioxide 210L VGL (200Kg) | D7: =F7/1.11 -> 1576576.6 | E7: =G7/1.11 -> 1576576.6 | F7: 1750000 | G7: 1750000 | I7: Liquid Level VGL 175 L m 18x2 LOX
A8: 4 | B8: LQ-00-LN-001-000-000 | C8: Liquid Nitrogen | D8: =F8/1.11 -> 18018.018 | E8: =G8/1.11 -> 18018.018 | F8: 20000 | G8: 20000 | I8: Liquid Level VGL 175 L m 20x1,5 LAR
A9: 5 | B9: LQ-00-LN-003-000-000 | C9: Liquid Nitrogen 3L Dewar | D9: =F9/1.11 -> 112612.61 | E9: =G9/1.11 -> 112612.61 | F9: 125000 | G9: 125000 | I9: Liquid Nitrogen 175L VGL
A10: 6 | B10: LQ-00-LN-006-000-000 | C10: Liquid Nitrogen 6L Dewar | D10: =F10/1.11 -> 135135.14 | E10: =G10/1.11 -> 135135.14 | F10: 150000 | G10: 150000 | I10: Liquid Nitrogen 30L
A11: 7 | B11: LQ-00-LN-010-000-000 | C11: Liquid Nitrogen 10L Dewar | D11: =F11/1.11 -> 216216.22 | E11: =G11/1.11 -> 216216.22 | F11: 240000 | G11: 240000 | I11: Liquid Level VGL 175 L m 20x1,5 LCO2
A12: 8 | B12: LQ-00-LN-020-000-000 | C12: Liquid Nitrogen 20L Dewar | D12: =F12/1.11 -> 292792.79 | E12: =G12/1.11 -> 292792.79 | F12: 325000 | G12: 325000 | I12: Liquid Level VGL 175 L m 20x1,5 LNG
A13: 9 | B13: LQ-00-LN-030-000-000 | C13: Liquid Nitrogen 30L Dewar | D13: =F13/1.11 -> 373873.87 | E13: =G13/1.11 -> 373873.87 | F13: 415000 | G13: 415000 | I13: Liquid Nitrogen 1 Liter
A14: 10 | B14: LQ-00-LN-030-000-000 | C14: Liquid Nitrogen 35L Dewar | D14: =F14/1.11 -> 412162.16 | E14: =G14/1.11 -> 412162.16 | F14: 457500 | G14: 457500 | I14: Liquid Nitrogen 1 Liter
A15: 11 | B15: LQ-00-LN-050-000-000 | C15: Liquid Nitrogen 50L Dewar | D15: =F15/1.11 -> 531531.53 | E15: =G15/1.11 -> 531531.53 | F15: 590000 | G15: 590000 | I15: Liquid Nitrogen 20L
A16: 12 | B16: LQ-00-LN-175-VGL-000 | C16: Liquid Nitrogen 175L VGL | D16: =F16/1.11 -> 594594.59 | E16: =G16/1.11 -> 594594.59 | F16: 660000 | G16: 660000 | I16: Liquid Level VGL 175 L m 20x1,5 LIN
A17: 13 | B17: LQ-00-LN-210-VGL-000 | C17: Liquid Nitrogen 210L VGL | D17: =F17/1.11 -> 713513.51 | E17: =G17/1.11 -> 713513.51 | F17: 792000 | G17: 792000 | I17: Liquid Level VGL 175 L m 20x1,5 LOX
A18: 14 | B18: LQ-00-LN-360-000-000 | C18: Liquid Nitrogen 360L | D18: =F18/1.11 -> 1189189.2 | E18: =G18/1.11 -> 1189189.2 | F18: 1320000 | G18: 1320000 | I18: Liquid Nitrogen 10L
... A21: 17 | B21: LQ-00-LO-360-VGL-000 | C21: Liquid Oxygen 360L VGL | D21: =F21/1.11 -> 1351351.4 | E21: =G21/1.11 -> 1351351.4 | F21: 1500000 | G21: 1500000 | I21: Liquid Nitrogen 50L
I22: Liquid Nitrogen 6L
I24: Liquid Oxygen 175L
I25: Liquid Oxygen 360L
F63: 115000000 | G63: 115000000

Sheet Nama Barang
A1: Nama Barang | B1: Kode | C1: Unit | D1: Harga Baru | E1: Harga Min
E2: Tangerang | F2: Surabaya
A3: Aceton 4kg | B3: GS-00-00-ACT-040-000 | C3: TBG
A4: Aceton 4kg GRMP | B4: GS-01-00-ACT-040-000 | C4: TBG
A5: Aceton 4kg GRMR | B5: GS-02-00-ACT-040-000 | C5: TBG
A6: Aceton 6 Kg | B6: GS-00-00-ACT-060-000 | C6: TBG
A7: Aceton 6 Kg GRMP | B7: GS-01-00-ACT-060-000 | C7: TBG
A8: Aceton 6 Kg GRMR | B8: GS-02-00-ACT-060-000 | C8: TBG
A9: Acetone (1 Kg) | B9: GS-00-00-ACT-001-000 | C9: TBG
A10: Acetone (1 Kg) GRMP | B10: GS-01-00-ACT-001-000 | C10: TBG
A11: Acetone (1 Kg) GRMR | B11: GS-02-00-ACT-001-000 | C11: TBG
A12: Ambient Air Vaporizer 100 M3 - 35 Bar | B12: AS-00-UN-AVP-100-035 | C12: TBG
A13: Ambient Air Vaporizer 200 M3-35 Bar | B13: AS-00-UN-AVP-200-035 | C13: TBG
A14: Ambient Air Vaporizer 30 M3 - 35 Bar | B14: AS-00-UN-AVP-030-035 | C14: TBG
... A962: Vacum VGL 175L | B962: SS-00-000-000-063 | C962: TBG
C963: TBG
C964: TBG
C965: TBG
C966: TBG
C967: TBG
C968: TBG
C969: TBG
C970: TBG
C971: TBG
C972: TBG
C973: TBG
C974: TBG
... C1010: TBG

Sheet Kran
A1: 45176
A2: NO | B2: KODE BARANG | C2: NAMA BARANG | D2: HARGA TERENDAH EXCLUDE PPN | F2: HARGA TERENDAH INCLUDE PPN
C4: Kran | D4: TANGGERANG | E4: SURABAYA | F4: TANGGERANG | G4: SURABAYA
A5: 1 | B5: SP-00-00-APT-000-OCR | C5: As Pen Kran Acetylene CR | D5: =F5/1.11 -> 18018.018 | E5: =G5/1.11 -> 18018.018 | F5: 20000 | G5: 20000
A6: 2 | B6: SP-00-00-APC-000-ACY | C6: Aspen Monel Acy | D6: =F6/1.11 -> 22522.523 | E6: =G6/1.11 -> 27027.027 | F6: 25000 | G6: 30000
A7: 3 | B7: SP-00-00-APS-000-000 | C7: As Pen Sok | F7: 15000 | G7: 15000
A8: 4 | B8: SP-00-00-APS-000-000 | C8: As Pen PBB | F8: 20000 | G8: 20000
A9: 5 | B9: SP-00-00-BSN-HTM-000 | C9: Bunit Sok Nilon Hitam | F9: 15000 | G9: 15000
A10: 6 | B10: #N/A | C10: Biaya Cat Tabung | D10: =F10/1.11 -> 45045.045 | E10: =G10/1.11 -> 45045.045 | F10: 50000 | G10: 50000
A11: 7 | B11: #N/A | C11: Biaya Cat Tutup | D11: =F11/1.11 -> 4504.5045 | E11: =G11/1.11 -> 4504.5045 | F11: 5000 | G11: 5000
A12: 8 | B12: AS-00-00-CRD-175-120 | C12: Cradle Tabung VGL 175L-120L | D12: =F12/1.11 -> 1351351.4 | E12: =G12/1.11 -> 1486486.5 | F12: 1500000 | G12: 1650000
A13: 9 | C13: Cradle Tabung VGL 175L-210L | F13: 2000000 | G13: 2000000
A14: 10 | C14: Cradle Tabung/rack 16 tanpa manifold | F14: 13000000 | G14: 13000000
A15: 11 | C15: Cradle Tabung/rack 16 dengan manifold | F15: 25000000 | G15: 25000000
A16: 12 | B16: SP-00-000-CRP-000-000 | C16: Cryogenic Pump 300L-600L/h | D16: =F16/1.11 -> 1e+08 | E16: =G16/1.11 -> 1e+08 | F16: 111000000 | G16: 111000000
A17: 13 | B17: SP-00-00-CHP-000-000 | C17: Cryogenic Hand Pump | D17: =F17/1.11 -> 2252252.3 | E17: =G17/1.11 -> 2252252.3 | F17: 2500000 | G17: 2500000
A18: 14 | B18: TR-00-TV-VGL-175-023 | C18: Cryogenic Meter 175L | D18: =F18/1.11 -> 644144.14 | E18: =G18/1.11 -> 644144.14 | F18: 715000 | G18: 715000
A19: 15 | B19: SP-00-00-CPG-PSI-NPT | C19: Cryogenic Pressure Gauge 600psi NPT 1/4 | D19: =F19/1.11 -> 202702.7 | E19: =G19/1.11 -> 202702.7 | F19: 225000 | G19: 225000
A20: 16 | B20: SP-00-000-CPP-000-005 | C20: Cryogenic Pump Part P200-005 | D20: =F20/1.11 -> 0 | E20: =G20/1.11 -> 0
A21: 17 | B21: SP-00-000-CPP-000-006 | C21: Cryogenic Pump Part P200-006 | D21: =F21/1.11 -> 0 | E21: =G21/1.11 -> 0
A22: 18 | B22: SP-00-000-CPP-000-007 | C22: Cryogenic Pump Part P200-007 | D22: =F22/1.11 -> 0 | E22: =G22/1.11 -> 0
A23: 19 | B23: SP-00-00-CVR-000-000 | C23: Cryogenic Valve Repair Kit | D23: =F23/1.11 -> 198198.2 | E23: =G23/1.11 -> 198198.2 | F23: 220000 | G23: 220000 | H23: Cryogenic Container
A24: 20 | B24: SP-00-00-HKR-000-000 | C24: Handwheel Kran | D24: =F24/1.11 -> 7207.2072 | E24: =G24/1.11 -> 7207.2072 | F24: 8000 | G24: 8000
A25: 21 | B25: SP-00-00-HKR-000-KSV | C25: Handwheel Kran SV | D25: =F25/1.11 -> 11711.712 | E25: =G25/1.11 -> 11711.712 | F25: 13000 | G25: 13000
A26: 22 | C26: Mur Handwheel | D26: =F26/1.11 -> 2252.2523 | F26: 2500 | G26: 2500
A27: 23 | C27: Per Handwheel | F27: 2500 | G27: 2500
A28: 24 | B28: SP-00-00-KRT-000-ORI | C28: Kran Acetylene Baru Type PF5-1 | D28: =F28/1.11 -> 144144.14 | E28: =G28/1.11 -> 144144.14 | F28: 160000 | G28: 160000
A29: 25 | B29: #N/A | C29: Kran Argon BaruType PX-35 SA | D29: =F29/1.11 -> 198198.2 | E29: =G29/1.11 -> 198198.2 | F29: 220000 | G29: 220000
A30: 26 | B30: SP-00-UN-KRK-2A6-ORI | C30: Kran Carbondioxide QF-2A6 | D30: =F30/1.11 -> 83333.333 | E30: =G30/1.11 -> 83333.333 | F30: 92500 | G30: 92500
A31: 27 | B31: SP-00-UN-KRK-2A6-KLP | C31: Kran Carbondioxide QF-2A6 Lepasan | D31: =F31/1.11 -> 78828.829 | E31: =G31/1.11 -> 78828.829 | F31: 87500 | G31: 87500
A32: 28 | B32: SP-00-UN-KRK-000-KSV | C32: Kran Carbondioxide QF-2A6 SV | D32: =F32/1.11 -> 83333.333 | E32: =G32/1.11 -> 83333.333 | F32: 92500 | G32: 92500
A33: 29 | B33: SP-00-UN-KRK-000-KSV | C33: Kran Carbondioxide QF-2A6 SV Lepasan | D33: =F33/1.11 -> 78828.829 | E33: =G33/1.11 -> 78828.829 | F33: 87500 | G33: 87500
A34: 30 | B34: SP-00-UN-KRH-F30-ORI | C34: Kran Hidrogen QF-30 | D34: =F34/1.11 -> 130630.63 | E34: =G34/1.11 -> 130630.63 | F34: 145000 | G34: 145000
A35: 31 | B35: SP-00-DN-KRH-000-000 | C35: Kran Hydrogen Baru Type DN | D35: =F35/1.11 -> 270270.27 | E35: =G35/1.11 -> 0 | F35: 300000
A36: 32 | B36: SP-00-00-KRK-000-CO0 | C36: Kran Karbonmonoksida Baru | D36: =F36/1.11 -> 85585.586 | E36: =G36/1.11 -> 0 | F36: 95000
A37: 33 | B37: SP-00-00-KRC-FT1-CNG | C37: Kran Natural Gas QF-T1 (CNG) | D37: =F37/1.11 -> 198198.2 | E37: =G37/1.11 -> 198198.2 | F37: 220000 | G37: 220000
A38: 34 | B38: SP-00-00-KNO-000-000 | C38: Kran Nitrous Oxide | D38: =F38/1.11 -> 315315.32 | E38: =G38/1.11 -> 315315.32 | F38: 350000 | G38: 350000
A39: 35 | B39: SP-00-UN-KRO-2G1-ORI | C39: Kran Oksigen QF-2G1 | D39: =F39/1.11 -> 83333.333 | E39: =G39/1.11 -> 83333.333 | F39: 92500 | G39: 92500
A40: 36 | B40: #N/A | C40: Kran Oksigen QF-2G1 Chrome | D40: =F40/1.11 -> 83333.333 | E40: =G40/1.11 -> 83333.333 | F40: 92500 | G40: 92500
A41: 37 | B41: SP-00-UN-KRO-2G1-KLP | C41: Kran Oksigen QF-2G1 Lepasan | D41: =F41/1.11 -> 78828.829 | E41: =G41/1.11 -> 78828.829 | F41: 87500 | G41: 87500
A42: 38 | B42: SP-00-PA-KRO-2G1-KSV | C42: Kran Oksigen QF-2G1 SV | D42: =F42/1.11 -> 83333.333 | E42: =G42/1.11 -> 83333.333 | F42: 92500 | G42: 92500
A43: 39 | B43: SP-00-UN-KRO-2G1-SLP | C43: Kran Oksigen QF-2G1 SV Lepasan | D43: =F43/1.11 -> 78828.829 | E43: =G43/1.11 -> 78828.829 | F43: 87500 | G43: 87500
A44: 40 | B44: SP-00-UN-KRO-06B-KLP | C44: Kran Oksigen QF-6B 200Bar Lepasan | D44: =F44/1.11 -> 121621.62 | E44: =G44/1.11 -> 121621.62 | F44: 135000 | G44: 135000
A45: 41 | B45: SP-00-UN-KRO-F4W-000 | C45: Kran Oxygen Baru Type F-4 W | D45: =F45/1.11 -> 878378.38 | E45: =G45/1.11 -> 94594.595 | F45: 975000 | G45: 105000
A46: 42 | B46: SP-00-UN-KRO-2G1-OCR | C46: Kran Oxygen Baru Type QF-2G1 SGA CR | D46: =F46/1.11 -> 878378.38 | E46: =G46/1.11 -> 103603.6 | F46: 975000 | G46: 115000
A47: 43 | B47: #N/A | C47: Kran Oxygen Type MA2-10 LP | D47: =F47/1.11 -> 94594.595 | E47: =G47/1.11 -> 94594.595 | F47: 105000 | G47: 105000
A48: 44 | B48: SP-00-00-KRA-X35-KSA | C48: Kran RPV PX-35 | D48: =F48/1.11 -> 198198.2 | E48: =G48/1.11 -> 198198.2 | F48: 220000 | G48: 220000
A49: 45 | B49: #N/A | C49: Konektor Kran VGL Double Drat | D49: =F49/1.11 -> 58558.559 | E49: =G49/1.11 -> 58558.559 | F49: 65000 | G49: 65000
A50: 46 | B50: #N/A | C50: Liquid Level Meter VGL 175L LOX/LIN/LAR/LCO2/LNG | D50: =F50/1.11 -> 644144.14 | E50: =G50/1.11 -> 644144.14 | F50: 715000 | G50: 715000
A51: 47 | B51: SP-00-00-LQL-018-LIN | C51: Manifold Pengisian 10 titik | D51: =F51/1.11 -> 10810811 | E51: =G51/1.11 -> 11261261 | F51: 12000000 | G51: 12500000
A52: 48 | B52: SP-00-00-LQL-018-LOX | C52: Manifold Pengisian 5 titik | D52: =F52/1.11 -> 5405405.4 | E52: =G52/1.11 -> 5630630.6 | F52: 6000000 | G52: 6250000
A53: 49 | B53: SP-00-00-LQL-020-LAR | C53: Manifold Pengisian 6 titik | D53: =F53/1.11 -> 6486486.5 | E53: =G53/1.11 -> 6756756.8 | F53: 7200000 | G53: 7500000
A54: 50 | B54: SP-00-00-LQL-020-LO2 | C54: Opsi lepas Kran Oxygen/CO2 yang terpasang di tabung | D54: =F54/1.11 -> -45045.045 | E54: =G54/1.11 -> -45045.045 | F54: -50000 | G54: -50000
A55: 51 | B55: SP-00-00-LQL-020-LIN | C55: Opsi penggantian Kran Oxygen semua tipe yang terpasang ditabung dengan Kran Carbondioxide QF-2A6 | D55: =F55/1.11 -> 31531.532 | E55: =G55/1.11 -> 31531.532 | F55: 35000 | G55: 35000
A56: 52 | B56: SP-00-00-LQL-020-LNG | C56: Opsi penggantian Kran Oxygen semua tipe yang terpasang ditabung dengan Kran QF-6B 200Bar | D56: =F56/1.11 -> 31531.532 | E56: =G56/1.11 -> 31531.532 | F56: 35000 | G56: 35000
A57: 53 | B57: SP-00-00-LQL-020-LOX | C57: Opsi penggantian Kran Oxygen/CO2 semua tipe yang terpasang di tabung dengan Kran Hidrogen QF-30 | D57: =F57/1.11 -> 58558.559 | E57: =G57/1.11 -> 58558.559 | F57: 65000 | G57: 65000
A58: 54 | B58: AS-00-00-MAN-010-001 | C58: Opsi penggantian Kran Oxygen/CO2 semua tipe yang terpasang di tabung dengan Kran Natural Gas QF-T1 | D58: =F58/1.11 -> 126126.13 | E58: =G58/1.11 -> 126126.13 | F58: 140000 | G58: 140000
A59: 55 | B59: AS-00-00-MAN-005-000 | C59: Opsi penggantian Kran QF-T1 semua tipe yang terpasang di tabung dengan Kran QF-6B 200Bar | D59: =F59/1.11 -> 126126.13 | E59: =G59/1.11 -> 126126.13 | F59: 140000 | G59: 140000
A60: 56 | B60: AS-00-00-MAN-005-000 | C60: Opsi penggantian Kran Oxygen/CO2 semua tipe yang terpasang di tabung dengan Kran PX-35 | D60: =F60/1.11 -> 141891.89 | E60: =G60/1.11 -> 141891.89 | F60: 157500 | G60: 157500
A61: 57 | B61: AS-00-00-MAN-006-000 | C61: Opsi penggantian Kran Oxygen/CO2 yang terpasang di tabung dengan Kran Nitrous Oxide | D61: =F61/1.11 -> 261261.26 | E61: =G61/1.11 -> 261261.26 | F61: 290000 | G61: 290000
A62: 58 | B62: #N/A | C62: Opsi penggantian Kran Oxygen/CO2 yang terpasang di tabung dengan Kran Oxygen QF-2G1 SV Steri Valve | D62: =F62/1.11 -> 18018.018 | E62: =G62/1.11 -> 18018.018 | F62: 20000 | G62: 20000
A63: 59 | B63: #N/A | C63: Presure Gauge VGL 600 psi | D63: =F63/1.11 -> 202702.7 | E63: =G63/1.11 -> 202702.7 | F63: 225000 | G63: 225000
A64: 60 | B64: #N/A | C64: Regulator Gas Acetylene | D64: =F64/1.11 -> 112612.61 | E64: =G64/1.11 -> 112612.61 | F64: 125000 | G64: 125000
A65: 61 | B65: #N/A | C65: Regulator Gas Acetylene Morris | D65: =F65/1.11 -> 495495.5 | E65: =G65/1.11 -> 495495.5 | F65: 550000 | G65: 550000
A66: 62 | B66: #N/A | C66: Regulator Gas Oksigen Avico | D66: =F66/1.11 -> 148648.65 | E66: =G66/1.11 -> 148648.65 | F66: 165000 | G66: 165000
A67: 63 | B67: #N/A | C67: Regulator Gas Oksigen Nesco | D67: =F67/1.11 -> 126126.13 | E67: =G67/1.11 -> 126126.13 | F67: 140000 | G67: 140000
A68: 64 | B68: #N/A | C68: Regulator Gas Oksigen Hexa | D68: =F68/1.11 -> 126126.13 | E68: =G68/1.11 -> 126126.13 | F68: 140000 | G68: 140000
A69: 65 | B69: AK-00-CM-REO-000-000 | C69: Regulator Gas Oxygen Medical Cosmo Med | D69: =F69/1.11 -> 126126.13 | E69: =G69/1.11 -> 126126.13 | F69: 140000 | G69: 140000
A70: 66 | B70: AK-00-OM-REO-000-000 | C70: Regulator Gas Oxygen Medical Onemed | D70: =F70/1.11 -> 252252.25 | E70: =G70/1.11 -> 252252.25 | F70: 280000 | G70: 280000
A71: 67 | B71: AK-00-WM-REO-000-000 | C71: Regulator Gas Oxygen Welding Morris | D71: =F71/1.11 -> 495495.5 | E71: =G71/1.11 -> 495495.5 | F71: 550000 | G71: 550000
A72: 68 | B72: AK-00-BM-REO-000-000 | C72: Regulator Oksigen Medis BMD | D72: =F72/1.11 -> 157657.66 | E72: =G72/1.11 -> 157657.66 | F72: 175000 | G72: 175000
A73: 69 | B73: SP-00-00-SLC-001-000 | C73: Selang Cryogenic Liquid 1 Meter | D73: =F73/1.11 -> 270270.27 | E73: =G73/1.11 -> 270270.27 | F73: 300000 | G73: 300000
A74: 70 | B74: SP-00-00-SLC-003-000 | C74: Selang Cryogenic Liquid 3 Meter | D74: =F74/1.11 -> 810810.81 | E74: =G74/1.11 -> 810810.81 | F74: 900000 | G74: 900000
A75: 71 | B75: SP-00-00-SLM-010-000 | C75: Selang Tembaga Manifold 1 meter | D75: =F75/1.11 -> 315315.32 | E75: =G75/1.11 -> 315315.32 | F75: 350000 | G75: 350000
A76: 72 | B76: SP-00-00-SLM-015-000 | C76: Selang Tembaga Manifold 1,5 meter | D76: =F76/1.11 -> 472972.97 | E76: =G76/1.11 -> 472972.97 | F76: 525000 | G76: 525000
A77: 73 | B77: SP-00-00-LNS-000-000 | C77: Sprayer Liquid Nitrogen | D77: =F77/1.11 -> 2252252.3 | E77: =G77/1.11 -> 2252252.3 | F77: 2500000 | G77: 2500000
A78: 74 | B78: AS-00-00-TRL-005-000 | C78: Troley 0.5 m3 | D78: =F78/1.11 -> 49549.55 | E78: =G78/1.11 -> 58558.559 | F78: 55000 | G78: 65000
A79: 75 | B79: AS-00-00-TRL-010-000 | C79: Troley 1 m3 | D79: =F79/1.11 -> 49549.55 | E79: =G79/1.11 -> 58558.559 | F79: 55000 | G79: 65000
A80: 76 | B80: #N/A | C80: Troley 1,5 m3 dan 2 m3 | D80: =F80/1.11 -> 58558.559 | E80: =G80/1.11 -> 67567.568 | F80: 65000 | G80: 75000
A81: 77 | B81: #N/A | C81: Troley 6 m3 atau Troley 7 m3 | D81: =F81/1.11 -> 337837.84 | E81: =G81/1.11 -> 360360.36 | F81: 375000 | G81: 400000
A82: 78 | B82: AS-00-UN-TRL-010-000 | C82: Troli UNION 1 M3 | D82: =F82/1.11 -> 90090.09 | E82: =G82/1.11 -> 90090.09 | F82: 100000 | G82: 100000
A83: 79 | B83: AS-00-UN-TRL-015-000 | C83: Troli UNION 1.5 M3 | D83: =F83/1.11 -> 112612.61 | E83: =G83/1.11 -> 112612.61 | F83: 125000 | G83: 125000
A84: 80 | B84: AS-00-UN-TRL-020-000 | C84: Troli UNION 2 M3 | D84: =F84/1.11 -> 112612.61 | E84: =G84/1.11 -> 112612.61 | F84: 125000 | G84: 125000
A85: 81 | B85: AS-00-UN-TRL-060-000 | C85: Troli UNION 6 M3 | D85: =F85/1.11 -> 675675.68 | E85: =G85/1.11 -> 675675.68 | F85: 750000 | G85: 750000
A86: 82 | B86: AS-00-00-TCP-000-000 | C86: Tutup Tabung Acetylene Plastik | D86: =F86/1.11 -> 45045.045 | E86: =G86/1.11 -> 45045.045 | F86: 50000 | G86: 50000
A87: 83 | B87: AS-00-00-TCB-000-000 | C87: Tutup Tabung Baja Standard | D87: =F87/1.11 -> 31531.532 | E87: =G87/1.11 -> 31531.532 | F87: 35000 | G87: 35000
A88: 84 | B88: AS-00-00-TTB-000-000 | C88: Tutup Tabung Baja Tulip | D88: =F88/1.11 -> 45045.045 | E88: =G88/1.11 -> 45045.045 | F88: 50000 | G88: 50000
A89: 85 | B89: AS-00-00-TTP-000-000 | C89: Tutup Tulip Plastik | D89: =F89/1.11 -> 45045.045 | E89: =G89/1.11 -> 45045.045 | F89: 50000 | G89: 50000
A90: 86 | B90: SS-00-000-000-063 | C90: Vacum VGL 175L | D90: =F90/1.11 -> 1981982 | E90: =G90/1.11 -> 1981982 | F90: 2200000 | G90: 2200000
A91: 87 | B91: SP-00-00-PKO-000-000 | C91: Safety Valve/Plat pengaman | D91: =F91/1.11 -> 13513.514 | E91: =G91/1.11 -> 13513.514 | F91: 15000 | G91: 15000
A92: 88 | B92: AS-00-00-TTP-000-000 | C92: Tutup Tabung Plastik Standar | D92: =F92/1.11 -> 13513.514 | E92: =G92/1.11 -> 13513.514 | F92: 15000 | G92: 15000
A93: 89 | B93: 100043 | C93: Jasa pasang VGL | D93: =F93/1.11 -> 450000 | E93: =G93/1.11 -> 450000 | F93: 499500 | G93: 499500
A94: 90 | B94: 100043 | C94: Jasa pasang Kran | D94: =F94/1.11 -> 13513.514 | E94: =G94/1.11 -> 13513.514 | F94: 15000 | G94: 15000
A95: 91 | B95: SP-00-00-RD-000-000 | C95: Roda Cradle | D95: =F95/1.11 -> 0 | E95: =G95/1.11 -> 90090.09 | F95: 0 | G95: 100000

Sheet Daftar Barang dan Jasa
D1: PT. Nisson Indonesia
D2: Daftar Barang dan Jasa
B4: Cabang : Tangerang, Surabaya, Filter berdasarkan : Kategori Barang
D5: Kode Barang | E5: Nama Barang | G5: Jenis Barang | H5: Daftar Harga
D6: Aksesoris | H6: Tangerang | I6: Surabaya
D7: AS-00-UN-AVP-030-035 | E7: Ambient Air Vaporizer 30 M3 - 35 Bar | G7: Persediaan | H7: =Tabung!F59 -> 6500000 | I7: =Tabung!G59 -> 7000000
D8: AS-00-UN-AVP-050-035 | E8: Ambient Air Vaporizer 50 M3 - 35 Bar | G8: Persediaan | H8: =Tabung!F60 -> 9700000 | I8: =Tabung!G60 -> 10200000
D9: AS-00-UN-AVP-100-035 | E9: Ambient Air Vaporizer 100 M3 - 35 Bar | G9: Persediaan | H9: =Tabung!F57 -> 17500000 | I9: =Tabung!G57 -> 18250000
D10: AS-00-00-MAN-006-000 | E10: Pengisian Manifold 6 titik | G10: Persediaan | H10: =Kran!F53 -> 7200000 | I10: =Kran!G53 -> 7500000
D11: AS-00-00-MAN-010-001 | E11: Pengisian Manifold 10 titik | G11: Persediaan | H11: =Kran!F51 -> 12000000 | I11: =Kran!G51 -> 12500000
D12: AS-00-00-MAN-006-TK0 | E12: Pengisian Manifold 6 titik tanpa kran | G12: Persediaan | H12: =Kran!F53+(Kran!F54*6) -> 6900000 | I12: =Kran!G53+(Kran!G54*6) -> 7200000
D13: AS-00-UN-TRL-010-000 | E13: Troli Union 1M3 | G13: Persediaan | H13: =Kran!F82 -> 100000 | I13: =Kran!G82 -> 100000
D14: AS-00-UN-TRL-015-000 | E14: Troli Union 1,5M3 | G14: Persediaan | H14: =Kran!F83 -> 125000 | I14: =Kran!G83 -> 125000
D15: AS-00-UN-TRL-020-000 | E15: Troli Union 2M3 | G15: Persediaan | H15: =Kran!F84 -> 125000 | I15: =Kran!G84 -> 125000
D16: AS-00-UN-TRL-060-000 | E16: Troli Union 6M3 | G16: Persediaan | H16: =Kran!F85 -> 750000 | I16: =Kran!G85 -> 750000
D17: AS-00-00-TRL-005-000 | E17: Troli Single 0.5 M3 | G17: Persediaan | H17: =Kran!F78 -> 55000 | I17: =Kran!G78 -> 65000
D18: AS-00-00-TRL-010-000 | E18: Troli Single 1 M3 | G18: Persediaan | H18: =Kran!F79 -> 55000 | I18: =Kran!G79 -> 65000
D19: AS-00-00-TRL-020-000 | E19: Troli Single 2 M3 | G19: Persediaan | H19: =Kran!F80 -> 65000 | I19: =Kran!G80 -> 75000
D20: AS-00-00-TRL-060-000 | E20: Troli Single 6 M3 | G20: Persediaan | H20: =Kran!F81 -> 375000 | I20: =Kran!G81 -> 400000
D21: AS-00-00-TTB-000-000 | E21: Tutup Tulip Besi/Baja | G21: Persediaan | H21: =Kran!F88 -> 50000 | I21: =Kran!G88 -> 50000
D22: AS-00-00-TTP-000-000 | E22: Tutup Tulip Plastik | G22: Persediaan | H22: =Kran!F89 -> 50000 | I22: =Kran!G89 -> 50000
D23: AS-00-00-TCB-000-000 | E23: Tutup Tabung Baja Standar | G23: Persediaan | H23: =Kran!F87 -> 35000 | I23: =Kran!G87 -> 35000
D24: AS-00-00-TCP-000-000 | E24: Tutup Tabung Acetylene Plastik | G24: Persediaan | H24: =Kran!F86 -> 50000 | I24: =Kran!G86 -> 50000
D25: AS-00-00-VPI-003-000 | E25: Optional Vaporizer Liquid Inlet 3 PCS | G25: Persediaan | H25: =Tabung!F15 -> 3300000 | I25: =Tabung!G15 -> 3300000
D26: AS-00-00-VPO-004-000 | E26: Optional Vaporizer Liquid Outlet 4 PCS | G26: Persediaan | H26: =Tabung!F14 -> 2200000 | I26: =Tabung!G14 -> 2200000
D27: AS-00-00-MAN-005-000 | E27: Pengisian Manifold 5 titik | G27: Persediaan | H27: =Kran!F52 -> 6000000 | I27: =Kran!G52 -> 6250000
D28: AS-00-UN-AVP-200-035 | E28: Ambient Air Vaporizer 200 M3-35 Bar | G28: Persediaan | H28: =Tabung!F58 -> 35000000 | I28: =Tabung!G58 -> 36000000
D29: AK-00-BM-REO-000-000 | E29: Regulator Medis Oksigen BMD | G29: Persediaan | H29: =Kran!F72 -> 175000 | I29: =Kran!G72 -> 175000
D30: AK-00-NS-REO-000-000 | E30: Regulator Medis Oksigen Nesco | G30: Persediaan | H30: =Kran!F68 -> 140000 | I30: =Kran!G68 -> 140000
D31: AK-00-CM-REO-000-000 | E31: Regulator Medis Oksigen Cosmo Med | G31: Persediaan | H31: =Kran!F69 -> 140000 | I31: =Kran!G69 -> 140000
D32: AK-00-OM-REO-000-000 | E32: Regulator Medis Oksigen Onemed | G32: Persediaan | H32: =Kran!F70 -> 280000 | I32: =Kran!G70 -> 280000
D33: AK-00-AV-REO-000-000 | E33: Regulator Medis Oksigen Avico | G33: Persediaan | H33: =Kran!F66 -> 165000 | I33: =Kran!G66 -> 165000
D34: AK-00-WM-REO-000-000 | E34: Regulator Medis Oksigen Welding Morris | G34: Persediaan | H34: =Kran!F71 -> 550000 | I34: =Kran!G71 -> 550000
D35: AK-00-00-REA-000-000 | E35: Regulator Gas Acetylene NN | G35: Persediaan | H35: =Kran!F64 -> 125000 | I35: =Kran!G64 -> 125000
D36: AK-00-MS-REA-000-000 | E36: Regulator Gas Acetylene Morris | G36: Persediaan | H36: =Kran!F65 -> 550000 | I36: =Kran!G65 -> 550000
D37: AK-00-00-NCN-000-000 | E37: Nasal Canula | G37: Persediaan | H37: 20000 | I37: 20000
D38: GS-06-MR-UT0-070-000 | E38: Gas Udara Tekan 7m3 GP | G38: Persediaan | H38: =Gas!D142 -> 50000 | I38: =Gas!E142 -> 135000
D39: GS-06-MR-UT0-060-000 | E39: Gas Udara Tekan 6m3 GP | G39: Persediaan | H39: =Gas!D142 -> 50000 | I39: =Gas!E142 -> 135000
D40: GS-00-FG-CO2-000-025 | E40: Gas Carbondioxide 25 Kg FG | G40: Persediaan | H40: =Gas!D69 -> 168750 | I40: =Gas!E69 -> 162500
D41: GS-05-MR-O20-010-000 | E41: Gas Oksigen 1 M3 GPMP | G41: Persediaan | H41: =Gas!D129 -> 17000 | I41: =Gas!E129 -> 17000
D42: GS-05-MR-N2U-060-UHP | E42: Gas Nitrogen UHP 6 M3 GPMP | G42: Persediaan | H42: =Gas!D110 -> 375000 | I42: =Gas!E110 -> 375000
D43: GS-05-MR-O20-030-000 | E43: Gas Oksigen 3 M3 GPMP | G43: Persediaan | H43: =Gas!D132 -> 28000 | I43: =Gas!E132 -> 28000
D44: GS-05-MR-O20-005-000 | E44: Gas Oksigen 0.5 M3 GPMP | G44: Persediaan | H44: =Gas!D128 -> 17000 | I44: =Gas!E128 -> 17000
D45: GS-05-MR-O20-060-UHP | E45: Gas Oksigen UHP 6 M3 GPMP | G45: Persediaan | H45: =Gas!D136 -> 7770000 | I45: =Gas!E136 -> 0
D46: GS-05-MR-O20-020-000 | E46: Gas Oksigen 2 M3 GPMP | G46: Persediaan | H46: =Gas!D131 -> 22500 | I46: =Gas!E131 -> 22500
D47: GS-05-MR-O20-060-000 | E47: Gas Oksigen 6 m3 GPMP | G47: Persediaan | H47: =Gas!D133 -> 27500 | I47: =Gas!E133 -> 33000
D48: GS-05-MR-O20-115-000 | E48: Gas Oksigen 1.5 M3 GPMP | G48: Persediaan | H48: =Gas!D130 -> 22500 | I48: =Gas!E130 -> 22500
D49: GS-05-MR-O20-070-WG0 | E49: Gas Oksigen 7m3 WG GPMP | G49: Persediaan | H49: =Gas!D137 -> 32500 | I49: =Gas!E137 -> 33000
D50: GS-01-00-O20-060-WG0 | E50: Gas Oksigen 6 M3 GRMP | G50: Persediaan | H50: =Gas!D133 -> 27500 | I50: =Gas!E133 -> 33000
D51: GS-01-00-O20-070-WG0 | E51: Gas Oksigen 7 M3 GRMP | G51: Persediaan | H51: =Gas!D137 -> 32500 | I51: =Gas!E137 -> 33000
D52: GS-05-MR-N20-070-WG0 | E52: Gas Nitrogen 6 M3 GPMP | G52: Persediaan | H52: =Gas!D111 -> 35000 | I52: =Gas!E111 -> 40000
D53: GS-05-MR-N20-005-WG0 | E53: Gas Nitrogen 0.5 M3 GPMP | G53: Persediaan | H53: =Gas!D106 -> 30000 | I53: =Gas!E106 -> 30000
D54: GS-05-MR-N20-015-WG0 | E54: Gas Nitrogen 1.5 M3 GPMP | G54: Persediaan | H54: =Gas!D106 -> 30000 | I54: =Gas!E106 -> 30000
D55: GS-05-MR-N20-020-WG0 | E55: Gas Nitrogen 10 M3 - 150 bar GPMP | G55: Persediaan
D56: GS-05-MR-N20-030-WG0 | E56: Gas Nitrogen 2 M3 GPMP | G56: Persediaan | H56: =Gas!D106 -> 30000 | I56: =Gas!E106 -> 30000
D57: GS-05-MR-N20-075-WG0 | E57: Gas Nitrogen 7 M3 GPMP | G57: Persediaan | H57: =Gas!D112 -> 40000 | I57: =Gas!E112 -> 40000
D58: GS-05-MR-N20-060-WG0 | E58: Gas Nitrogen WG 6 M3 | G58: Persediaan | H58: =Gas!D111 -> 35000 | I58: =Gas!E111 -> 40000
D59: GS-06-MR-N20-010-WG0 | E59: Gas Nitrogen 1 M3 GP | G59: Persediaan | H59: =Gas!D106 -> 30000 | I59: =Gas!E106 -> 30000
D60: GS-06-MR-N20-005-WG0 | E60: Gas Nitrogen 0.5 M3 GP | G60: Persediaan | H60: =Gas!D106 -> 30000 | I60: =Gas!E106 -> 30000
D61: GS-06-MR-N20-015-WG0 | E61: Gas Nitrogen 1.5 M3 GP | G61: Persediaan | H61: =Gas!D106 -> 30000 | I61: =Gas!E106 -> 30000
D62: GS-06-MR-N20-070-WG0 | E62: Gas Nitrogen 6 M3 GP | G62: Persediaan | H62: =Gas!D111 -> 35000 | I62: =Gas!E111 -> 40000
D63: GS-06-MR-N2U-060-UHP | E63: Gas Nitrogen UHP 6 M3 GP | G63: Persediaan | H63: =Gas!D110 -> 375000 | I63: =Gas!E110 -> 375000
D64: GS-06-MR-N20-075-WG0 | E64: Gas Nitrogen 7 M3 GP | G64: Persediaan | H64: =Gas!D112 -> 40000 | I64: =Gas!E112 -> 40000
D65: GS-06-MR-O20-060-000 | E65: Gas Oksigen 6 m3 GP | G65: Persediaan | H65: =Gas!D133 -> 27500 | I65: =Gas!E133 -> 33000
D66: GS-06-MR-O20-005-000 | E66: Gas Oksigen 0.5 M3 GP | G66: Persediaan | H66: =Gas!D128 -> 17000 | I66: =Gas!E128 -> 17000
D67: GS-06-MR-O20-010-000 | E67: Gas Oksigen 1 M3 GP | G67: Persediaan | H67: =Gas!D129 -> 17000 | I67: =Gas!E129 -> 17000
D68: GS-06-MR-O20-060-UHP | E68: Gas Oksigen UHP 6 M3 GP | G68: Persediaan | H68: =Gas!D136 -> 7770000 | I68: =Gas!E136 -> 0
D69: GS-06-MR-O20-070-WG0 | E69: Gas Oksigen 7m3 WG GP | G69: Persediaan | H69: =Gas!D137 -> 32500 | I69: =Gas!E137 -> 33000
D70: GS-06-MR-O20-115-000 | E70: Gas Oksigen 1.5 M3 GP | G70: Persediaan | H70: =Gas!D130 -> 22500 | I70: =Gas!E130 -> 22500
D71: GS-06-MR-N20-020-WG0 | E71: Gas Nitrogen 10 M3 - 150 bar GP | G71: Persediaan | H71: =Gas!#REF! -> #REF! | I71: =Gas!#REF! -> #REF!
D72: GS-06-MR-N20-030-WG0 | E72: Gas Nitrogen 2 M3 GP | G72: Persediaan | H72: =Gas!D106 -> 30000 | I72: =Gas!E106 -> 30000
D73: GS-06-MR-N20-060-WG0 | E73: Gas Nitrogen 3 M3 GP | G73: Persediaan | H73: =Gas!D106 -> 30000 | I73: =Gas!E106 -> 30000
D74: GS-06-MR-O20-020-000 | E74: Gas Oksigen 2 M3 GP | G74: Persediaan | H74: =Gas!D131 -> 22500 | I74: =Gas!E131 -> 22500
D75: GS-06-MR-O20-030-000 | E75: Gas Oksigen 3 M3 GP | G75: Persediaan | H75: =Gas!D132 -> 28000 | I75: =Gas!E132 -> 28000
D76: GS-01-00-UT0-010-000 | E76: Gas Udara Tekan 1M3 GRMP | G76: Persediaan | H76: =Gas!D140 -> 35000 | I76: =Gas!E140 -> 60000
D77: GS-01-00-UT0-015-000 | E77: Gas Udara Tekan 1,5M3 GRMP | G77: Persediaan | H77: =Gas!D141 -> 45000 | I77: =Gas!E141 -> 80000
D78: GS-01-00-UT0-020-000 | E78: Gas Udara Tekan 2M3 GRMP | G78: Persediaan | H78: =Gas!D141 -> 45000 | I78: =Gas!E141 -> 80000
D79: GS-01-00-UT0-060-000 | E79: Gas Udara Tekan 6m3 GRMP | G79: Persediaan | H79: =Gas!D142 -> 50000 | I79: =Gas!E142 -> 135000
D80: GS-01-00-UT0-070-000 | E80: Gas Udara Tekan 7m3 GRMP | G80: Persediaan | H80: =Gas!D142 -> 50000 | I80: =Gas!E142 -> 135000
D81: GS-01-00-UT0-100-HPO | E81: Gas Udara Tekan 10m3 HP (50L-200Bar) GRMP | G81: Persediaan | H81: =Gas!#REF! -> #REF! | I81: =Gas!#REF! -> #REF!
D82: GS-01-00-UT0-100-UHP | E82: Gas Udara Tekan 10m3 UHP (50L-200Bar) GRMP | G82: Persediaan | H82: =Gas!#REF! -> #REF! | I82: =Gas!#REF! -> #REF!
D83: GS-01-00-UT0-100-WG0 | E83: Gas Udara Tekan 10 m3 - WG (68L-150Bar) GRMP | G83: Persediaan | H83: =Gas!D139 -> 46000 | I83: =Gas!E139 -> 55000
D84: GS-01-00-HE0-003-WG0 | E84: Gas Helium 1 M3 WG GRMP | G84: Persediaan | H84: =Gas!D78 -> 0 | I84: =Gas!E78 -> 0
D85: GS-01-00-HE0-005-UHP | E85: Gas Helium 0,3 M3 UHP GRMP | G85: Persediaan | H85: =Gas!D76 -> 0 | I85: =Gas!E76 -> 0
D86: GS-01-00-HE0-010-UHP | E86: Gas Helium 0,5 M3 UHP GRMP | G86: Persediaan | H86: =Gas!D77 -> 0 | I86: =Gas!E77 -> 0
D87: GS-01-00-HE0-015-UHP | E87: Gas Helium 1 M3 UHP GRMP | G87: Persediaan | H87: =Gas!D80 -> 0 | I87: =Gas!E80 -> 0
D88: GS-01-00-HE0-020-UHP | E88: Gas Helium 1,5 M3 UHP GRMP | G88: Persediaan | H88: =Gas!D79 -> 0 | I88: =Gas!E79 -> 0
D89: GS-01-00-HE0-030-UHP | E89: Gas Helium 2 M3 UHP GRMP | G89: Persediaan | H89: =Gas!D81 -> 0 | I89: =Gas!E81 -> 0
D90: GS-01-00-HE0-060-UHP | E90: Gas Helium 6 M3 UHP GRMP | G90: Persediaan | H90: =Gas!D82 -> 6000000 | I90: =Gas!E82 -> 0
D91: GS-01-00-HE0-070-UHP | E91: Gas Helium 7 M3 UHP GRMP | G91: Persediaan | H91: =Gas!D83 -> 0 | I91: =Gas!E83 -> 0
D92: GS-01-00-HE0-100-UHP | E92: Gas Helium 10 M3 UHP GRMP | G92: Persediaan | H92: =Gas!D84 -> 0 | I92: =Gas!E84 -> 0
D93: GS-01-FG-CO2-003-001 | E93: Gas Carbondioxide CO2 0,3 m3 (1Kg) Food Grade GRMP | G93: Persediaan | H93: =Gas!D50 -> 40000 | I93: =Gas!E50 -> 40000
D94: GS-01-FG-CO2-005-002 | E94: Gas Carbondioxide CO2 0,5m3 (2Kg) Food Grade GRMP | G94: Persediaan | H94: =Gas!D53 -> 50000 | I94: =Gas!E53 -> 50000
D95: GS-01-FG-CO2-005-003 | E95: Gas Carbondioxide CO2 0,5m3 (3Kg) Food Grade GRMP | G95: Persediaan | H95: =Gas!D54 -> 60000 | I95: =Gas!E54 -> 60000
D96: GS-01-FG-CO2-010-004 | E96: Gas Carbondioxide CO2 1 m3 (4Kg) Food Grade GRMP | G96: Persediaan | H96: =Gas!D55 -> 60000 | I96: =Gas!E55 -> 60000
D97: GS-01-FG-CO2-010-005 | E97: Gas Carbondioxide CO2 1 m3 (5 Kg) Food Grade GRMP | G97: Persediaan | H97: =Gas!D54 -> 60000 | I97: =Gas!E54 -> 60000
D98: GS-01-FG-CO2-015-006 | E98: Gas Carbondioxide CO2 1,5m3 (6Kg) Food Grade GRMP | G98: Persediaan | H98: =Gas!D58 -> 80000 | I98: =Gas!E58 -> 80000
D99: GS-01-FG-CO2-020-008 | E99: Gas Carbondioxide CO2 2 m3 (8Kg) Food Grade GRMP | G99: Persediaan | H99: =Gas!D62 -> 100000 | I99: =Gas!E62 -> 100000
D100: GS-01-FG-CO2-030-012 | E100: Gas Carbondioxide CO2 3 m3 (12Kg) Food Grade GRMP | G100: Persediaan | H100: =Gas!D64 -> 145000 | I100: =Gas!E64 -> 110000
D101: GS-01-FG-CO2-060-015 | E101: Gas Carbondioxide CO2 6 m3 (15Kg) Food Grade GRMP | G101: Persediaan | H101: =Gas!D66 -> 101250 | I101: =Gas!E66 -> 120000
...
